name,height,weight,bmi
athoug,1.55,64,26.638917793964616
batman,1.9,100,27.70083102493075
iron man,1.7,90,31.14186851211073
